endpoint,sample_id,model,strategy,top_k,features,shap_values,prompt,explanation
ADME_hPPB,0,gpt-4.1-mini,biomedical,3,"['fr_COO', 'fr_para_hydroxylation', 'AvgIpc']","[np.float64(0.23030167332376775), np.float64(0.09173439901369888), np.float64(0.08776491290549547)]","
You are a biomedical expert.

A machine learning model predicted a drug property.

The most influential molecular descriptors were:

- fr_COO: 0.230
- fr_para_hydroxylation: 0.092
- AvgIpc: 0.088


Explain in biomedical and chemical terms why these descriptors influence the prediction.
Avoid mentioning SHAP or machine learning terminology.
","Certainly! Here is an explanation of why these molecular descriptors might influence a drug property, addressed in biochemical and chemical terms:

1. **fr_COO (Carboxyl group frequency): 0.230**

The presence of carboxyl groups (-COOH) in a molecule strongly affects its chemical behavior and biological activity. Carboxyl groups are polar and can ionize to form carboxylate anions (-COO⁻) at physiological pH, which enhances the molecule’s water solubility and ionic interactions. This increased solubility can influence absorption, distribution, and elimination of the drug. Moreover, carboxyl groups readily form hydrogen bonds and ionic bonds with amino acid residues in target proteins or enzymes, potentially increasing binding affinity. Therefore, a higher frequency of carboxyl groups likely contributes significantly to the drug’s pharmacokinetic and pharmacodynamic characteristics.

2. **fr_para_hydroxylation (Frequency of para-hydroxyl groups): 0.092**

Para-hydroxylation refers to the presence of hydroxyl (-OH) groups positioned para (opposite) on an aromatic ring. Hydroxyl groups increase polarity and hydrogen bonding capacity. A para-hydroxyl group can affect the molecule’s metabolism because it is a common site for phase I metabolic reactions, such as conjugation or oxidation mediated by enzymes like cytochrome P450s. Furthermore, para-hydroxyl groups influence the drug’s interaction with biological targets by altering electronic distribution on the aromatic ring and increasing the likelihood of specific binding. This can modify the potency, selectivity, or metabolic stability of the drug.

3. **AvgIpc (Average information content on the molecular path connectivity): 0.088**

This descriptor relates to the complexity and connectivity of the molecular structure. Higher average information content indicates more diverse or complex connectivity patterns among atoms in the molecule. Structural complexity can affect the drug’s behavior by influencing its shape, flexibility, and ability to fit within the binding pocket of biological targets. Additionally, complex molecules may have more diverse interaction capabilities with proteins, enzymes, or transporters, potentially leading to improved specificity or altered metabolism. Therefore, the molecular connectivity directly impacts both pharmacodynamics and pharmacokinetics.

---

In summary, the presence of ionizable and hydrogen-bonding functional groups (carboxyl and para-hydroxyl) strongly affects drug solubility, binding, and metabolism. Additionally, the molecular connectivity reflects the structural complexity that can modulate interaction with biological targets and metabolic enzymes. These chemically-relevant features explain their importance in determining the drug property predicted by the model."
ADME_hPPB,1,gpt-4.1-mini,biomedical,3,"['fr_COO', 'HeavyAtomMolWt', 'HallKierAlpha']","[np.float64(-0.09066957024896542), np.float64(0.05647438464739423), np.float64(0.056451441376551476)]","
You are a biomedical expert.

A machine learning model predicted a drug property.

The most influential molecular descriptors were:

- fr_COO: -0.091
- HeavyAtomMolWt: 0.056
- HallKierAlpha: 0.056


Explain in biomedical and chemical terms why these descriptors influence the prediction.
Avoid mentioning SHAP or machine learning terminology.
","Certainly! The three molecular descriptors listed—fr_COO, HeavyAtomMolWt, and HallKierAlpha—reflect important chemical and structural features of a drug molecule that can influence its biological properties.

1. **fr_COO (Carboxylic Acid Functional Group Count, negative influence)**  
This descriptor indicates the presence of carboxylic acid groups (-COOH) in the molecule. Carboxylic acids are polar and can form hydrogen bonds, which affects the molecule’s solubility, ionization state, and ability to interact with biological targets, such as enzymes or receptors. The negative influence suggests that increasing the number of carboxylic acid groups may reduce the predicted property, possibly due to increased polarity or ionization at physiological pH, which might limit membrane permeability or alter binding affinity to the target.

2. **HeavyAtomMolWt (Molecular Weight of Non-Hydrogen Atoms, positive influence)**  
This descriptor measures the total molecular weight contributed by all heavy atoms (carbon, oxygen, nitrogen, etc.). Larger molecular weight often corresponds to increased molecular complexity and size, which can enhance interactions with biological targets by providing more surface area for binding. The positive influence implies that heavier molecules tend to have improved values for the predicted property, which might relate to better target engagement or stability, albeit sometimes at the cost of poorer absorption or distribution.

3. **HallKierAlpha (Molecular Flexibility/Shape Index, positive influence)**  
Hall-Kier Alpha is a descriptor related to molecular shape, flexibility, and branching. A higher value often means more complex and branched molecules, which can influence how the drug fits into binding pockets in proteins or how it navigates through biological membranes. The positive impact of this descriptor suggests that molecules with more favorable shapes or conformational flexibility tend to enhance the predicted property, perhaps by fitting better into the active site or having improved pharmacokinetic characteristics.

In summary, the presence of acidic groups tends to reduce the property due to polarity and ionization effects, while increased molecular weight and molecular shape complexity promote it, likely by enhancing molecular interactions and fitting with biological targets."
ADME_hPPB,2,gpt-4.1-mini,biomedical,3,"['fr_COO', 'HeavyAtomMolWt', 'EState_VSA3']","[np.float64(0.21410272034319877), np.float64(-0.08789373115731833), np.float64(0.06264410426729361)]","
You are a biomedical expert.

A machine learning model predicted a drug property.

The most influential molecular descriptors were:

- fr_COO: 0.214
- HeavyAtomMolWt: -0.088
- EState_VSA3: 0.063


Explain in biomedical and chemical terms why these descriptors influence the prediction.
Avoid mentioning SHAP or machine learning terminology.
","Certainly! Here is an explanation of why these molecular descriptors might influence the prediction of a drug property, from a biomedical and chemical perspective:

1. **fr_COO (Carboxyl group fragment): 0.214**  
   The presence of carboxyl groups (-COOH) in a molecule is very significant in drug properties because these groups can strongly affect the molecule’s polarity, solubility, and ionization. Carboxyl groups are acidic functional groups that can donate a proton under physiological conditions, often resulting in negative charges. This influences how the drug interacts with biological targets, enzymes, and transporters. For example, carboxyl groups can form hydrogen bonds or ionic bonds with amino acid residues in proteins, enhancing binding affinity or affecting the drug’s biochemical activity. Therefore, the prominence of the carboxyl group fragment is likely to increase or be positively associated with the property being predicted, such as solubility, bioavailability, or binding to a specific protein.

2. **HeavyAtomMolWt (Molecular weight of non-hydrogen atoms): -0.088**  
   The molecular weight of the drug, particularly the number of heavy (non-hydrogen) atoms, often correlates with size and complexity. Larger molecules tend to have different pharmacokinetic and pharmacodynamic profiles. For instance, higher molecular weight can reduce membrane permeability, limit oral absorption, and affect distribution within the body. In many cases, heavier molecules may have poorer bioavailability or slower diffusion rates. The negative influence of this descriptor suggests that as the molecular weight increases, the predicted property (such as permeability or bioavailability) might decrease. Thus, smaller drugs with fewer heavy atoms might be favored in the prediction.

3. **EState_VSA3 (Electrotopological state variable combined with Van der Waals surface area descriptor): 0.063**  
   This descriptor combines electronic and spatial properties of the molecule. The electrotopological state reflects the electronic environment of atoms, capturing information on electron density and atom connectivity, while the VSA (Van der Waals surface area) gives an idea of the molecule’s size in terms of exposed surface area. A higher EState_VSA3 value might indicate a particular distribution of electronic density on the surface of the molecule that is relevant for interaction with biological targets or membranes. For example, favorable electronic environments on the molecular surface can enhance binding to enzymes or receptors through electrostatic or hydrophobic interactions. This descriptor’s positive contribution implies that molecules with certain electronic and spatial surface properties are more likely to have the desired property, such as higher activity or better receptor binding.

**Summary:**  
- The presence of acidic carboxyl groups often improves interaction with biological systems through ionic and hydrogen bonding.  
- Smaller molecules with fewer heavy atoms generally have better absorption and distribution.  
- Specific electronic and surface area characteristics enhance molecular interactions important for drug activity.

Together, these descriptors give insight into how molecular size, functional groups, and electronic surface properties influence the biological behavior of the drug."
ADME_hPPB,3,gpt-4.1-mini,biomedical,3,"['fr_COO', 'HeavyAtomMolWt', 'fr_C_O']","[np.float64(-0.07941055982920611), np.float64(-0.036676242675749135), np.float64(0.034697503994073946)]","
You are a biomedical expert.

A machine learning model predicted a drug property.

The most influential molecular descriptors were:

- fr_COO: -0.079
- HeavyAtomMolWt: -0.037
- fr_C_O: 0.035


Explain in biomedical and chemical terms why these descriptors influence the prediction.
Avoid mentioning SHAP or machine learning terminology.
","Certainly! Let’s break down the influence of each molecular descriptor in biomedical and chemical terms, focusing on how they relate to a drug’s properties.

1. **fr_COO (carboxylic acid group frequency) - Negative influence (-0.079):**  
This descriptor counts the number of carboxylic acid groups (-COOH) in the molecule. Carboxylic acids are polar and can ionize at physiological pH, often increasing water solubility but potentially decreasing membrane permeability. In pharmacokinetics, this can reduce the ability of the drug to cross lipid membranes such as the intestinal lining or the blood-brain barrier. Additionally, the negative charge may affect binding affinity to certain targets or interactions with transport proteins. Overall, a higher number of carboxylic groups might reduce the desired property being predicted (e.g., bioavailability or membrane permeability), explaining the negative contribution.

2. **HeavyAtomMolWt (molecular weight of non-hydrogen atoms) - Negative influence (-0.037):**  
This descriptor reflects the size and mass of the molecule without counting hydrogens. Larger and heavier molecules often have poorer absorption and distribution profiles because they may diffuse more slowly, have lower solubility in aqueous media, or be more easily recognized and eliminated by metabolic systems. Drugs with excessively high molecular weight tend to have reduced oral bioavailability and may face challenges in reaching their target sites. Thus, an increased heavy atom molecular weight could negatively impact properties like bioavailability, permeability, or metabolic stability.

3. **fr_C_O (frequency of carbon-oxygen single bonds) - Positive influence (0.035):**  
This descriptor counts the number of C–O single bonds, which occur in functional groups such as alcohols, ethers, and esters. These groups often improve solubility in water due to their ability to form hydrogen bonds, potentially enhancing absorption and distribution. Moreover, certain C–O functionalities can participate in specific target interactions by acting as hydrogen bond donors or acceptors, increasing binding affinity. The presence of these groups can also influence the drug’s metabolic stability and clearance in favorable ways. Hence, more carbon-oxygen single bonds might enhance the drug property being predicted, explaining the positive contribution.

---

**Summary:**  
- The presence of carboxylic acid groups tends to lower permeability and possibly target binding, reducing efficacy or absorption.  
- Increased molecular size generally compromises pharmacokinetic properties.  
- Carbon-oxygen single bonds improve solubility and possibly target interactions, enhancing drug-like properties.

This chemical and biomedical reasoning aligns with typical effects of these molecular features on drug behavior in the body."
ADME_hPPB,4,gpt-4.1-mini,biomedical,3,"['Chi0n', 'PEOE_VSA1', 'HeavyAtomMolWt']","[np.float64(-0.11669207127936318), np.float64(0.0823257502401111), np.float64(0.07957564252908186)]","
You are a biomedical expert.

A machine learning model predicted a drug property.

The most influential molecular descriptors were:

- Chi0n: -0.117
- PEOE_VSA1: 0.082
- HeavyAtomMolWt: 0.080


Explain in biomedical and chemical terms why these descriptors influence the prediction.
Avoid mentioning SHAP or machine learning terminology.
","Certainly! Each of these molecular descriptors captures specific aspects of the drug's chemical structure that relate to its behavior and properties in a biological context:

1. **Chi0n (zero-order molecular connectivity index):**  
This descriptor reflects the molecule's overall branching and connectivity pattern, focusing on the types and arrangements of atoms without considering bond orders or distances. A negative contribution from this index suggests that molecules with simpler or less branched structures may reduce the predicted property (e.g., solubility, permeability, or binding affinity). In biomedical terms, the way atoms are connected affects how the molecule interacts with biological targets and enzymes, influencing processes like membrane crossing or receptor binding.

2. **PEOE_VSA1 (Partial Equalization of Orbital Electronegativities - van der Waals surface area bin 1):**  
This measures the van der Waals surface area of atoms within a specific low partial charge range, usually highlighting non-polar or slightly polar regions of the molecule. A positive influence indicates that larger surface areas of atoms in this electronic environment enhance the drug property. Chemically, this suggests that molecules with a greater exposed non-polar or mildly polar surface may better interact with hydrophobic pockets in proteins or membranes, affecting absorption, distribution, or target affinity.

3. **HeavyAtomMolWt (Heavy atom molecular weight):**  
This is the total molecular weight considering only non-hydrogen atoms. Its positive association implies that heavier molecules may enhance the drug property being predicted. From a biomedical perspective, this often correlates with size-related factors such as stronger binding due to increased contact surface, or altered pharmacokinetics like slower metabolism or different distribution patterns. However, very high molecular weight can also hinder permeability or solubility, so the context of this positive influence depends on the property of interest.

In summary, these descriptors collectively highlight that the predicted drug property depends on how the molecule's size, atomic connectivity, and surface charge characteristics influence its interactions with biological systems, affecting solubility, binding, metabolism, or transport."
